{
    "name": "root",
    "metadata": {
        "timer_format_version": "0.1.0",
        "start_time_seconds": "1598179347",
        "python_version": "3.6.9 (default, Jul 17 2020, 12:50:27) \n[GCC 8.4.0]",
        "command_line_arguments": "/home/diana/.local/bin/mlagents-learn --run-id=secondshooter",
        "mlagents_version": "0.18.1",
        "mlagents_envs_version": "0.18.1",
        "communication_protocol_version": "1.0.0",
        "tensorflow_version": "1.14.0",
        "end_time_seconds": "1598179943"
    },
    "total": 595.5033509,
    "count": 1,
    "self": 0.02195490000008249,
    "children": {
        "run_training.setup": {
            "total": 0.15061639999998988,
            "count": 1,
            "self": 0.15061639999998988
        },
        "TrainerController.start_learning": {
            "total": 595.3307795999999,
            "count": 1,
            "self": 23.355903299983993,
            "children": {
                "TrainerController._reset_env": {
                    "total": 57.10563379999985,
                    "count": 1,
                    "self": 57.10563379999985
                },
                "TrainerController.advance": {
                    "total": 514.4943765000155,
                    "count": 33662,
                    "self": 1.0144525000016529,
                    "children": {
                        "env_step": {
                            "total": 513.4799240000139,
                            "count": 33662,
                            "self": 460.2865902000142,
                            "children": {
                                "SubprocessEnvManager._take_step": {
                                    "total": 52.279154100012875,
                                    "count": 33662,
                                    "self": 2.40627520001226,
                                    "children": {
                                        "NNPolicy.evaluate": {
                                            "total": 49.872878900000615,
                                            "count": 33311,
                                            "self": 49.872878900000615
                                        }
                                    }
                                },
                                "workers": {
                                    "total": 0.9141796999867893,
                                    "count": 33661,
                                    "self": 0.0,
                                    "children": {
                                        "worker_root": {
                                            "total": 592.6647187999847,
                                            "count": 33661,
                                            "is_parallel": true,
                                            "self": 204.97554669999045,
                                            "children": {
                                                "run_training.setup": {
                                                    "total": 0.0,
                                                    "count": 0,
                                                    "is_parallel": true,
                                                    "self": 0.0,
                                                    "children": {
                                                        "steps_from_proto": {
                                                            "total": 0.0037598999999772786,
                                                            "count": 1,
                                                            "is_parallel": true,
                                                            "self": 0.00040289999992637604,
                                                            "children": {
                                                                "_process_vector_observation": {
                                                                    "total": 0.0033570000000509026,
                                                                    "count": 6,
                                                                    "is_parallel": true,
                                                                    "self": 0.0033570000000509026
                                                                }
                                                            }
                                                        },
                                                        "UnityEnvironment.step": {
                                                            "total": 0.031700399999863293,
                                                            "count": 1,
                                                            "is_parallel": true,
                                                            "self": 0.0002840999998170446,
                                                            "children": {
                                                                "UnityEnvironment._generate_step_input": {
                                                                    "total": 0.00029900000004090543,
                                                                    "count": 1,
                                                                    "is_parallel": true,
                                                                    "self": 0.00029900000004090543
                                                                },
                                                                "communicator.exchange": {
                                                                    "total": 0.03034339999999247,
                                                                    "count": 1,
                                                                    "is_parallel": true,
                                                                    "self": 0.03034339999999247
                                                                },
                                                                "steps_from_proto": {
                                                                    "total": 0.0007739000000128726,
                                                                    "count": 1,
                                                                    "is_parallel": true,
                                                                    "self": 0.00019969999993918464,
                                                                    "children": {
                                                                        "_process_vector_observation": {
                                                                            "total": 0.000574200000073688,
                                                                            "count": 6,
                                                                            "is_parallel": true,
                                                                            "self": 0.000574200000073688
                                                                        }
                                                                    }
                                                                }
                                                            }
                                                        }
                                                    }
                                                },
                                                "UnityEnvironment.step": {
                                                    "total": 387.68917209999427,
                                                    "count": 33660,
                                                    "is_parallel": true,
                                                    "self": 6.653373199964108,