{"cameraMode":{"drawMode":0,"name":"Shaded","section":"Shading Mode"},"sceneLighting":true,"audioPlay":false,"sceneViewState":{"showFog":true,"showMaterialUpdate":false,"showSkybox":true,"showFlares":true,"showImageEffects":true,"showParticleSystems":true,"showVisualEffectGraphs":true,"m_FxEnabled":true},"in2DMode":false,"pivot":{"x":-3.8450703620910646,"y":1.2970764636993409,"z":3.7573862075805666},"rotation":{"x":-0.07073181122541428,"y":0.9292059540748596,"z":-0.26198336482048037,"w":-0.25087299942970278},"size":0.829156219959259,"orthographic":false}